{"generatedAt":"2026-02-15T18:55:46.142Z","records":{"MSFT":{"ticker":"MSFT","spotPrice":401.32,"annualDrift":-0.026587049737461236,"annualVolatility":0.26246379314042306,"strikes":[371,372,373,374,375,376,377,378,379,380,381,382,383,384,385,386,387,388,389,390,391,392,393,394,395,396,397,398,399,400,401,402,403,404,405,406,407,408,409,410,411,412,413,414,415,416,417,418,419,420,421,422,423,424,425,426,427,428,429,430,431,432],"expiryLabels":["Feb 17","Feb 19","Feb 22","Feb 24","Feb 26","Mar 5","Mar 12","Mar 19"],"volumeSurface":[[0,0,351,0,888,0,0,408,0,911,0,0,319,0,917,0,0,427,0,1483,0,0,1016,0,2486,0,0,2169,0,7593,0,0,8085,0,19769,0,0,3408,0,9267,0,0,3152,0,4613,0,0,1345,0,2997,0,0,472,0,1012,0,0,463,0,1127,0,0],[0,0,483,0,579,0,0,368,0,847,0,0,368,0,7216,0,0,453,0,2506,0,0,833,0,1569,0,0,2046,0,14580,0,0,4899,0,7682,0,0,3280,0,9231,0,0,3106,0,8700,0,0,1053,0,10515,0,0,823,0,5507,0,0,786,0,2761,0,0],[0,0,330,0,127,0,0,109,0,135,0,0,16,0,71,0,0,16,0,241,0,0,113,0,561,0,0,592,0,386,0,0,474,0,801,0,0,235,0,1210,0,0,274,0,966,0,0,72,0,1487,0,0,107,0,707,0,0,492,0,453,0,0],[0,0,0,0,17,0,0,0,0,21,0,0,0,0,17,0,0,0,0,41,0,0,128,0,81,0,0,104,0,253,0,0,277,0,160,0,0,71,0,128,0,0,45,0,51,0,0,33,0,465,0,0,11,0,93,0,0,66,0,76,0,0],[0,0,169,0,187,0,0,97,0,237,0,0,113,0,274,0,0,126,0,443,0,0,372,0,322,0,0,276,0,1599,0,0,653,0,3130,0,0,1338,0,2941,0,0,276,0,1272,0,0,193,0,1458,0,0,0,0,1862,0,0,0,0,941,0,0],[0,0,0,0,148,0,0,0,0,177,0,0,0,0,106,0,0,0,0,182,0,0,0,0,240,0,0,0,0,752,0,0,0,0,622,0,0,0,0,641,0,0,0,0,587,0,0,0,0,743,0,0,0,0,583,0,0,0,0,319,0,0],[0,0,0,0,245,0,0,0,0,160,0,0,0,0,108,0,0,0,0,248,0,0,0,0,313,0,0,0,0,499,0,0,0,0,736,0,0,0,0,556,0,0,0,0,178,0,0,0,0,579,0,0,0,0,153,0,0,0,0,189,0,0],[0,0,0,0,425,0,0,0,0,686,0,0,0,0,356,0,0,0,0,768,0,0,0,0,997,0,0,0,0,3347,0,0,0,0,1468,0,0,0,0,1194,0,0,0,0,606,0,0,0,0,4426,0,0,0,0,1956,0,0,0,0,1588,0,0]]},"GOOG":{"ticker":"GOOG","spotPrice":306.02,"annualDrift":0.4823172973984877,"annualVolatility":0.30384465231132723,"strikes":[276,277,278,279,280,281,282,283,284,285,286,287,288,289,290,291,292,293,294,295,296,297,298,299,300,301,302,303,304,305,306,307,308,309,310,311,312,313,314,315,316,317,318,319,320,321,322,323,324,325,326,327,328,329,330,331,332,333,334,335,336,337],"expiryLabels":["Feb 19","Feb 26","Mar 5","Mar 12","Mar 19","Mar 26"],"volumeSurface":[[0,0,0,0,550,0,0,246,0,2492,0,0,497,0,1329,0,0,450,0,1250,0,0,950,0,3284,0,0,1592,0,5620,0,0,3527,0,6958,0,0,2182,0,4117,0,0,1319,0,5565,0,0,895,0,1894,0,0,729,0,1256,0,0,314,0,603,0,0],[0,0,0,0,327,0,0,0,0,100,0,0,0,0,238,0,0,0,0,266,0,0,130,0,841,0,0,471,0,1090,0,0,881,0,1831,0,0,423,0,434,0,0,149,0,1286,0,0,82,0,396,0,0,73,0,1067,0,0,81,0,340,0,0],[0,0,0,0,50,0,0,0,0,95,0,0,0,0,145,0,0,0,0,324,0,0,0,0,200,0,0,0,0,446,0,0,0,0,654,0,0,0,0,241,0,0,0,0,258,0,0,0,0,469,0,0,0,0,330,0,0,0,0,231,0,0],[0,0,0,0,220,0,0,0,0,70,0,0,0,0,85,0,0,0,0,189,0,0,0,0,177,0,0,0,0,173,0,0,0,0,1103,0,0,0,0,130,0,0,0,0,356,0,0,0,0,1201,0,0,0,0,455,0,0,0,0,160,0,0],[0,0,0,0,3215,0,0,0,0,523,0,0,0,0,1433,0,0,0,0,529,0,0,0,0,1714,0,0,0,0,1753,0,0,0,0,1930,0,0,0,0,933,0,0,0,0,766,0,0,0,0,870,0,0,0,0,6082,0,0,0,0,428,0,0],[0,0,0,0,95,0,0,0,0,23,0,0,0,0,28,0,0,0,0,18,0,0,0,0,58,0,0,0,0,95,0,0,0,0,119,0,0,0,0,437,0,0,0,0,93,0,0,0,0,74,0,0,0,0,113,0,0,0,0,48,0,0]]},"AAPL":{"ticker":"AAPL","spotPrice":255.78,"annualDrift":0.11559097159938608,"annualVolatility":0.3184041566418918,"strikes":[225,226,227,228,229,230,231,232,233,234,235,236,237,238,239,240,241,242,243,244,245,246,247,248,249,250,251,252,253,254,255,256,257,258,259,260,261,262,263,264,265,266,267,268,269,270,271,272,273,274,275,276,277,278,279,280,281,282,283,284,285,286],"expiryLabels":["Feb 17","Feb 19","Feb 22","Feb 24","Feb 26","Mar 5","Mar 12","Mar 19"],"volumeSurface":[[57,0,0,0,0,462,0,0,0,0,747,0,0,237,0,1631,0,0,625,0,3138,0,0,2711,0,9849,0,0,4509,0,10700,0,0,17430,0,26117,0,0,14014,0,15219,0,0,8508,0,10821,0,0,3877,0,3876,0,0,1657,0,2576,0,0,1207,0,775,0],[1064,0,0,0,0,3197,0,0,730,0,2318,0,0,1397,0,4708,0,0,3872,0,23000,0,0,1459,0,7706,0,0,4287,0,15755,0,0,10537,0,23951,0,0,8243,0,17967,0,0,5271,0,12337,0,0,5061,0,10502,0,0,3181,0,4564,0,0,2014,0,2953,0],[5,0,0,0,0,10,0,0,0,0,94,0,0,0,0,180,0,0,0,0,274,0,0,1499,0,423,0,0,182,0,1142,0,0,919,0,2776,0,0,1888,0,931,0,0,862,0,481,0,0,423,0,744,0,0,229,0,271,0,0,136,0,65,0],[0,0,0,0,0,0,0,0,0,0,0,0,0,0,0,0,0,0,0,0,0,0,0,0,0,0,0,0,0,0,83,0,0,62,0,260,0,0,82,0,15,0,0,11,0,274,0,0,101,0,183,0,0,34,0,271,0,0,15,0,27,0],[471,0,0,0,0,376,0,0,0,0,375,0,0,0,0,523,0,0,0,0,637,0,0,0,0,3537,0,0,0,0,4095,0,0,1270,0,6829,0,0,1258,0,4587,0,0,1106,0,3196,0,0,1078,0,3962,0,0,846,0,10695,0,0,203,0,1858,0],[336,0,0,0,0,135,0,0,0,0,106,0,0,0,0,309,0,0,0,0,2733,0,0,0,0,427,0,0,0,0,925,0,0,0,0,1682,0,0,0,0,1491,0,0,0,0,1399,0,0,0,0,772,0,0,0,0,5654,0,0,0,0,4773,0],[209,0,0,0,0,121,0,0,0,0,199,0,0,0,0,286,0,0,0,0,275,0,0,0,0,423,0,0,0,0,883,0,0,0,0,683,0,0,0,0,986,0,0,0,0,788,0,0,0,0,3030,0,0,0,0,5538,0,0,0,0,323,0],[808,0,0,0,0,2230,0,0,0,0,1611,0,0,0,0,2377,0,0,0,0,1541,0,0,0,0,7664,0,0,0,0,2411,0,0,0,0,6879,0,0,0,0,3568,0,0,0,0,5609,0,0,0,0,5732,0,0,0,0,8205,0,0,0,0,3856,0]]},"BAC":{"ticker":"BAC","spotPrice":52.55,"annualDrift":0.11772920332045562,"annualVolatility":0.27612928747248183,"strikes":[22,23,24,25,26,27,28,29,30,31,32,33,34,35,36,37,38,39,40,41,42,43,44,45,46,47,48,49,50,51,52,53,54,55,56,57,58,59,60,61,62,63,64,65,66,67,68,69,70,71,72,73,74,75,76,77,78,79,80,81,82,83],"expiryLabels":["Feb 19","Feb 26","Mar 5","Mar 12","Mar 19","Mar 26"],"volumeSurface":[[0,0,0,29,0,0,0,0,3,0,0,0,0,12,45,10,10,87,34,3,166,17,26,64,17,686,492,400,2610,3216,4515,6691,7784,10206,12605,1640,201,1466,17,4,40,3,0,7,0,0,0,0,11,0,0,0,0,0,0,0,0,0,0,0,0,0],[0,0,0,0,0,0,0,0,0,0,0,0,0,0,0,0,0,0,4,5,3,101,58,6,290,27,41,129,230,701,1586,707,649,1315,552,200,119,207,9,10,9,5,39,7,26,0,1,0,0,0,0,0,0,0,0,0,0,0,0,0,0,0],[0,0,0,0,0,0,0,0,0,0,0,0,0,0,0,0,0,0,1,10,5,30,2,11,4,7,2,210,53,10,189,404,144,215,284,289,43,19,10,15,7,1,50,3,0,0,0,0,0,0,0,0,0,0,0,0,0,0,0,0,0,0],[0,0,0,0,0,0,0,0,0,0,0,0,0,2,0,0,0,1,0,3,2,110,500,1,7,7,98,31,7,36,132,190,26,195,138,59,23,340,12,1,24,35,2,10,0,0,0,0,0,0,0,0,0,0,0,0,0,0,0,0,0,0],[0,0,0,27,0,0,10,0,32,22,6,15,4,55,7,144,2116,32,43,260,75,958,362,1399,86,273,372,2737,8670,0,0,2269,0,3298,0,0,3788,0,583,0,0,46,0,29,0,0,0,0,4,0,0,0,0,10,0,0,0,0,0,0,0,0],[0,0,0,0,0,0,0,0,0,0,0,0,0,0,0,0,0,0,1,0,0,85,3,2,0,0,43,22,35,3,17,24,41,788,7,18,3,119,14,100,250,0,250,2,0,1,0,0,0,0,0,0,0,0,0,0,0,0,0,0,0,0]]},"NVDA":{"ticker":"NVDA","spotPrice":182.78,"annualDrift":0.3113505726499156,"annualVolatility":0.44052702395402243,"strikes":[152,153,154,155,156,157,158,159,160,161,162,163,164,165,166,167,168,169,170,171,172,173,174,175,176,177,178,179,180,181,182,183,184,185,186,187,188,189,190,191,192,193,194,195,196,197,198,199,200,201,202,203,204,205,206,207,208,209,210,211,212,213],"expiryLabels":["Feb 17","Feb 19","Feb 22","Feb 26","Mar 5","Mar 12","Mar 19","Mar 26"],